id,date,type,city,state,ideology,group,description,image
9101,10/30/2019,White Supremacist Propaganda,St. Mary's City,MD,Right Wing (White Supremacist),Patriot Front,"Patriot Front, an alt right group, distributed propaganda that read: ""Not stolen conquered"" and ""Better dead than red."" ",https://www.adl.org/sites/default/files/2019-11/November%202019_PF%20Not%20stolen%20conquered%20sticker_sample.jpg
9110,10/30/2019,White Supremacist Propaganda,Parkville,MD,Right Wing (White Supremacist),Patriot Front,"Patriot Front, an alt right group, distributed propaganda that read: ""Reject poison,"" ""Life liberty victory,"" and ""To ourselves and our posterity.""",https://www.adl.org/sites/default/files/2019-11/November%202019_PF%20Reject%20poison_sample.jpg
9139,10/27/2019,White Supremacist Propaganda,Hughesville,MD,Right Wing (White Supremacist),Patriot Front,"Patriot Front, an alt right group, distributed propaganda that read: ""Life liberty victory,"" ""Revolution is tradition,"" ""Reject poison,"" and ""Better dead than red.""",https://www.adl.org/sites/default/files/2019-11/November%202019_PF%20Reject%20poison_sample.jpg
9141,10/27/2019,White Supremacist Propaganda,Jessup,MD,Right Wing (White Supremacist),Patriot Front,"Patriot Front, an alt right group, distributed propaganda that read: ""Revolution is tradition"" and ""One nation against invasion.""",
9148,10/25/2019,White Supremacist Propaganda,Bel Air,MD,Right Wing (White Supremacist),Patriot Front,"Patriot Front, an alt right group, distributed propaganda that read: ""One nation against invasion,"" ""To ourselves and our posterity,"" and ""Better dead than red.""",https://www.adl.org/sites/default/files/2019-11/November%202019_PF%20Better%20dead%20than%20red%20sticker_sample.jpg
9155,10/25/2019,White Supremacist Propaganda,Waldorf,MD,Right Wing (White Supremacist),Patriot Front,"Patriot Front, an alt right group, distributed propaganda that read: ""Reclaim America,"" ""Reject poison,"" and ""America is not for sale.""",https://www.adl.org/sites/default/files/2019-11/November%202019_PF%20reclaim%20america_sample.jpg
9211,10/22/2019,White Supremacist Propaganda,White Marsh,MD,Right Wing (White Supremacist),Patriot Front,"Patriot Front, an alt right group, distributed propaganda that read: ""America first,"" ""Life of our nation liberty of our people victory of the American spirit,"" ""Reclaim America,"" and ""Better dead than red.""",https://www.adl.org/sites/default/files/2019-11/November%202019_PF%20Life%20of%20our%20nation_sample.jpg
9244,10/19/2019,White Supremacist Propaganda,Bel Air,MD,Right Wing (White Supremacist),Patriot Front,"Patriot Front, an alt right group, distributed American flag-themed stickers with the QR code for Patriot Front and propaganda that read: ""America first"" and ""Reclaim America.""",https://www.adl.org/sites/default/files/2019-06/4.3.2019%20Patriot%20Front%20QR%20code_sample_0.jpg
9260,10/15/2019,White Supremacist Propaganda,Annapolis,MD,Right Wing (White Supremacist),Patriot Front,"Patriot Front, an alt right group, distributed propaganda that read: ""Better dead than red,"" ""America is not for sale,"" and ""Reject Poison.""",https://www.adl.org/sites/default/files/2019-11/November%202019_PF%20Reject%20poison_sample.jpg
9265,10/15/2019,White Supremacist Propaganda,Towson,MD,Right Wing (White Supremacist),Patriot Front,"Patriot Front, an alt right group, distributed propaganda that read: ""Life of our nation liberty of our people victory of the American spirit,"" ""America is not for sale,"" and ""Not stolen conquered.""",https://www.adl.org/sites/default/files/2019-11/November%202019_PF%20Not%20stolen%20conquered%20sticker_sample.jpg
9271,10/15/2019,White Supremacist Propaganda,Ellicott City,MD,Right Wing (White Supremacist),Patriot Front,"Patriot Front, an alt right group, distributed propaganda that read: ""One nation against invasion,"" ""Reject poison,"" ""Revolution is tradition,"" and ""America first.""",https://www.adl.org/sites/default/files/2019-11/November%202019_PF%20Reject%20poison_sample.jpg
9333,10/8/2019,White Supremacist Propaganda,Frederick,MD,Right Wing (White Supremacist),Patriot Front,"Patriot Front, an alt right group, distributed propaganda that read: ""Life of our nation liberty of our people victory of the American spirit,"" ""To ourselves and our posterity,"" and ""United we stand.""",https://www.adl.org/sites/default/files/2019-11/November%202019_PF%20Life%20of%20our%20nation_sample.jpg
9359,10/6/2019,White Supremacist Propaganda,Baltimore,MD,Right Wing (White Supremacist),Patriot Front,"Patriot Front, an alt right group, distributed propaganda that read: ""Not stolen conquered,"" ""Reject poison,"" ""Money does not rule you,"" and ""Keep America American.""",https://www.adl.org/sites/default/files/2019-11/November%202019_PF%20Reject%20poison_sample.jpg
9395,10/4/2019,White Supremacist Propaganda,Annapolis,MD,Right Wing (White Supremacist),Patriot Front,"Patriot Front, an alt right group, distributed propaganda at St. John's College that read: ""America is not for sale,"" ""United we stand,"" and ""To ourselves and our posterity.""",
9396,10/4/2019,White Supremacist Propaganda,Towson,MD,Right Wing (White Supremacist),Patriot Front,"Patriot Front, an alt right group, distributed propaganda at Townson University that read: ""One nation against invasion,"" ""America first,"" and ""United we stand.""",https://www.adl.org/sites/default/files/2019-11/November%202019_PF%20America%20First_sample.jpg
9447,10/1/2019,White Supremacist Propaganda,Catonsville,MD,Right Wing (White Supremacist),Patriot Front,"Patriot Front, an alt right group, distributed propaganda at the Community College of Baltimore County that read: ""Not stolen conquered,"" ""America is not for sale,"" and ""Better dead than red.""",https://www.adl.org/sites/default/files/2019-11/November%202019_PF%20Not%20stolen%20conquered%20sticker_sample.jpg
8395,9/30/2019,White Supremacist Propaganda,College Park,MD,Right Wing (White Supremacist),Patriot Front,"Patriot Front, an alt right group, distributed propaganda at University of Maryland that read: ""Reject poison"" and ""Reclaim America.""",
8624,9/30/2019,White Supremacist Propaganda,La Plata,MD,Right Wing (White Supremacist),Patriot Front,"Patriot Front, an alt right group, distributed propaganda at College of Southern Maryland that read: ""One nation against invasion,"" ""Not stolen conquered,"" and ""Better dead than red.""",
8253,9/29/2019,White Supremacist Propaganda,Bel Air,MD,Right Wing (White Supremacist),Patriot Front,"Patriot Front, an alt right group, distributed propaganda at Harford Community College that read: ""Reject poison,"" ""Better dead than red,"" ""America first,"" and ""Not stolen conquered.""",
8987,9/29/2019,White Supremacist Propaganda,St. Mary's City,MD,Right Wing (White Supremacist),Patriot Front,"Patriot Front, an alt right group, distributed propaganda at St Mary's College of Maryland that read:  ""One nation against invasion"" and ""Life of our nation liberty of our people victory of the American spirit.""",
8486,9/27/2019,White Supremacist Propaganda,Elkridge,MD,Right Wing (White Supremacist),Patriot Front,"Patriot Front, an alt right group, distributed propaganda that read:  ""Not stolen conquered,"" ""Better dead than red,"" ""America first,"" and ""Reject poison.""",
8391,9/25/2019,White Supremacist Propaganda,Cockeysville,MD,Right Wing (White Supremacist),Patriot Front,"Patriot Front, an alt right group, distributed propaganda that read:  ""Better dead than red,"" ""Not stolen conquered,"" and ""Reject poison.""",
8473,9/25/2019,White Supremacist Propaganda,Dunkirk,MD,Right Wing (White Supremacist),Patriot Front,"Patriot Front, an alt right group, distributed propaganda that read: ""Money does not rule you,"" ""Better dead than red,"" and ""Reject poison.""",
9011,9/25/2019,White Supremacist Propaganda,Thurmont,MD,Right Wing (White Supremacist),Patriot Front,"Patriot Front, an alt right group, distributed propaganda which featured the group's logo.",
8263,9/3/2019,White Supremacist Propaganda,Bethesda,MD,Right Wing (White Supremacist),Patriot Front,"Patriot Front, an alt right group, distributed propaganda that read:  ""Not stolen conquered,"" ""Reject poison,"" and ""Better dead than red.""",
8245,7/22/2019,Anti-Semitic Incident:Harassment;White Supremacist Propaganda,Baltimore,MD,Right Wing (White Supremacist),Daily Stormer Book Club,"Daily Stormer Book Club, an alt right group, distributed anti-Semitic propaganda that read: ""HOLO-CAUST=FAKE NEWS The people that lied about soap, lampshades are lying about gas chambers and ovens.""",https://www.adl.org/sites/default/files/2019-09/holocaustfake-618x800_sample.png
8787,7/19/2019,White Supremacist Propaganda,Ocean City,MD,Right Wing (White Supremacist),Patriot Front,"Patriot Front, an alt right group, distributed propaganda that read:  ""Not stolen conquered,"" ""Better dead than red,"" and ""To ourselves and our posterity.""",
9065,7/3/2019,White Supremacist Propaganda,Williamsport,MD,Right Wing (White Supremacist),Patriot Front,"Patriot Front, an alt right group, distributed propaganda that read: ""Keep America American,"" ""No stolen conquered,"" and ""Will your speech be hate speech?""",
7880,5/4/2019,White Supremacist Propaganda,Takoma Park,MD,Right Wing (White Supremacist),Patriot Front,"Patriot Front, an alt right group, distributed fliers that read: ""Not stolen conquered,"" Better dead than red,"" and ""Will your speech be hate speech?""",
7885,5/4/2019,White Supremacist Propaganda,Frederick,MD,Right Wing (White Supremacist),Patriot Front,"Patriot Front, an alt right group, distributed fliers that read: ""Not stolen conquered"" and ""Keep America American.""",
9795,05/2019,Anti-Semitic Incident:Harassment,Rockville,MD,,,Customer made anti-Semitic remarks to the cashier at a store.,
9796,05/2019,Anti-Semitic Incident:Harassment,Silver Spring,MD,,,"Jewish family verbally harassed by a man who yelled at them, ""Shut up. We don't want to hear that Jewish shit!""",
10292,05/2019,Anti-Semitic Incident:Vandalism,Kensington,MD,,,Swastika graffiti discovered in a bathroom at Silver Creek Middle School over the course of three days.,
8148,4/3/2019,Terrorist Plot/Attack,Prince George's County,MD,Islamist,,"Rondell Henry, who claimed to be inspired by ISIS, was arrested for stealing a U-Haul vehicle and planning to plow through crowds of people at the National Harbor. Henry also considered attacking Dulles International Airport in Virginia. ",
8049,3/31/2019,Anti-Semitic Incident:Harassment;White Supremacist Propaganda,St. Michaels,MD,Right Wing (White Supremacist),Loyal White Knights,"Loyal White Knights, a Klan group. distributed recruitment fliers that expressed racist views toward African Americans, Jewish people, and American Indians.",
8061,3/29/2019,White Supremacist Propaganda,Bel Air,MD,Right Wing (White Supremacist),Patriot Front,"Patriot Front, an alt right group, distributed fliers that read: ""Keep America American,"" ""America first,"" ""Reclaim America,"" and ""Reject poison.""",
8106,3/22/2019,White Supremacist Propaganda,Columbia,MD,Right Wing (White Supremacist),American Identity Movement,"American Identity Movement, an alt right group, distributed propaganda at Howard County Community College that read: ""Embrace your identity.'""",
7604,3/16/2019,White Supremacist Propaganda,Brunswick,MD,Right Wing (White Supremacist),Patriot Front,"Patriot Front, an alt right group, distributed fliers that read: ""Better dead than red,"" ""Keep America American,"" and ""Will your speech be hate speech?""",https://www.adl.org/sites/default/files/2019-03/PF%20Keep%20America%20American_0.jpg
8132,3/13/2019,Anti-Semitic Incident:Harassment;White Supremacist Propaganda,Ocean City,MD,Right Wing (White Supremacist),Corbin Kauffman,"An individual posted a flier at a Chabad that read ""We must secure the existence of our people and a future for white children"" and ""The goyim know shut it down.""",
7546,3/6/2019,White Supremacist Propaganda,Brunswick,MD,Right Wing (White Supremacist),Patriot Front,"Patriot Front, an alt right group, distributed fliers that read: ""Not stolen conquered"" and ""Keep America American.""",https://www.adl.org/sites/default/files/2019-03/PF%20Keep%20America%20American_0.jpg
9660,03/2019,Anti-Semitic Incident:Harassment,Silver Spring,MD,,,"During a Spanish class at a middle school, the teacher told the class that ""the Jews killed Jesus"" because ""that's just what the Catholics and Christians believe.""",
10161,03/2019,Anti-Semitic Incident:Vandalism,Bethesda,MD,,,Graffiti that included a swastika and an expletive was discovered in a bathroom at Bannockburn Elementary School.,
7622,2/15/2019,Terrorist Plot/Attack,Silver Spring,MD,Right Wing (White Supremacist),,"Coast Guard lieutenant Christopher P. Hasson, a white supremacist, was arrested by federal authorities on weapon and drug charges in connection with an alleged terrorist plot to attack politicians and media figures.",
7446,2/13/2019,White Supremacist Propaganda,Gaithersburg,MD,Right Wing (White Supremacist),Patriot Front,"Patriot Front, an alt right group, distributed fliers that read: ""To ourselves and our posterity"" and ""Life liberty and the pursuit of victory.""",https://www.adl.org/sites/default/files/2019-03/PF%20Life%20liberty%20and%20the%20pursuit%20of%20victory.jpg
7433,2/10/2019,White Supremacist Propaganda,Perryville,MD,Right Wing (White Supremacist),Patriot Front,"Patriot Front, an alt right group, distributed fliers that read: ""Reclaim America,"" ""Not stolen conquered,"" and ""Money does not rule you.""",https://www.adl.org/sites/default/files/2019-03/PF%20reclaim%20America.jpg
7405,2/5/2019,White Supremacist Propaganda,Baltimore,MD,Right Wing (White Supremacist),Loyal White Knights,"Loyal White Knights, a Klan group, distributed fliers about Martin Luther King Jr. that were historically inaccurate and included false accusations about against different racial groups. """,https://www.adl.org/sites/default/files/2019-03/LWK%20anti-%20Martin%20Luther%20King%20jr.jpg
7373,2/1/2019,White Supremacist Propaganda,Bethesda,MD,Right Wing (White Supremacist),Patriot Front,"Patriot Front, an alt right group, distributed fliers that read: ""Better dead than red,"" ""Reclaim America,"" and ""Life liberty and the pursuit of victory.""",https://www.adl.org/sites/default/files/2019-03/PF%20Better%20dead%20than%20red.jpg
7184,1/6/2019,White Supremacist Propaganda,Baltimore,MD,Right Wing (White Supremacist),Identity Evropa,"Identity Evropa, an alt right group, posted stickers featuring their group logo.",
7194,1/6/2019,White Supremacist Propaganda,White Marsh,MD,Right Wing (White Supremacist),Patriot Front,"Patriot Front, an alt right group, hung a banner from a pedestrian crosswalk that read: ""Deport them all.""",
7182,1/5/2019,White Supremacist Propaganda,Silver Spring,MD,Right Wing (White Supremacist),Identity Evropa,"Identity Evropa, an alt right group, distributed fliers that read: ""European roots American greatness."" They also posted stickers featuring their group logo.",
7172,1/3/2019,White Supremacist Propaganda,Potomac,MD,Right Wing (White Supremacist),Identity Evropa,"Identity Evropa, an alt right group, distributed fliers that read: ""European roots American greatness."" They also posted stickers featuring their group logo.",
9538,01/2019,Anti-Semitic Incident:Harassment,Ellicott City,MD,,,A swastika and phallic imagery were traced into the snow at Howard High School.,
10055,01/2019,Anti-Semitic Incident:Vandalism,Rockville,MD,,,Swastika vandalism discovered at Richard Montgomery High School.,
10056,01/2019,Anti-Semitic Incident:Vandalism,Arnold,MD,,,Swastika vandalism discovered inside a bathroom at Severn River Middle School.,
5346,12/3/2018,White Supremacist Propaganda,Adelphi,MD,Right Wing (White Supremacist),Identity Evropa,"Identity Evropa, an alt right group, posted stickers featuring the group's logo at the University of Maryland College Park.",
5355,12/2/2018,White Supremacist Propaganda,Princess Anne,MD,Right Wing (White Supremacist),Loyal White Knights,"Loyal White Knights, a Klan group, distributed recruitment fliers in Princess Anne that read: ""take your ""Happy Holidays"" and shove it!""",
6978,12/2018,Anti-Semitic Incident:Harassment,Pikesville,MD,,,"At a restaurant, a patron shouted ""Sieg Heil"" and saluted.",
7043,12/2018,Anti-Semitic Incident:Harassment,Baltimore,MD,,,Individual subjected to anti-Semitic harassment by potential client.,
7050,12/2018,Anti-Semitic Incident:Harassment,Chevy Chase,MD,,,"Synagogue received anti-Semitic email that read: ""Congratulations ! Jews are the new NAZI's to Palestine... Israel shoots kids. Just like the Nazi scum.. You ARE fast becoming hated across the world for being oppressive bullies !! Congrats !!!!!!!!!!!!!!!""",
7056,12/2018,Anti-Semitic Incident:Harassment,Rockville,MD,,,Anti-Semitic message displayed on pickup truck.,
7142,12/2018,Anti-Semitic Incident:Vandalism,Marriottsville,MD,,,Swastika graffiti in school.,
5415,11/21/2018,Anti-Semitic Incident:Harassment;White Supremacist Propaganda,Eldersburg,MD,Right Wing (White Supremacist),Loyal White Knights,"Loyal White Knights, a Klan group, distributed anti-Semitic fliers titled ""The cost of the Jew's open border policy.""",
5423,11/20/2018,White Supremacist Propaganda,North East,MD,Right Wing (White Supremacist),Patriot Front,"Patriot Front, an alt right group, posted fliers and stickers that read: ""Keep America American,"" and ""Not stolen conquered.""",
5430,11/19/2018,Anti-Semitic Incident:Harassment;White Supremacist Propaganda,Sykesville,MD,Right Wing (White Supremacist),Loyal White Knights,"Loyal White Knights, a Klan group, distributed anti-Semitic fliers titled ""The cost of the Jew's open border policy.""",
5437,11/17/2018,Anti-Semitic Incident:Harassment;White Supremacist Propaganda,Ellicott City,MD,Right Wing (White Supremacist),Loyal White Knights,"Loyal White Knights, a Klan group, distributed anti-Semitic fliers titled: ""The cost of the Jew's open border policy.""",
5448,11/14/2018,Anti-Semitic Incident:Harassment;White Supremacist Propaganda,Charles County,MD,Right Wing (White Supremacist),Loyal White Knights,"Loyal White Knights, a Klan group, distributed anti-Semitic fliers titled ""Yahweh commands racial segregation.""",
5456,11/13/2018,White Supremacist Propaganda,Pineville,MD,Right Wing (White Supremacist),Loyal White Knights,"Loyal White Knights, a Klan group, distributed anti-Semitic fliers that read: ""Wake up and stop letting these third world savages walk all over your people"" and ""the Blacks and Jews are the majority they will NOT stand for white equality like they have tricked us into doing for them!""",
5458,11/12/2018,Anti-Semitic Incident:Harassment;White Supremacist Propaganda,Lothian,MD,Right Wing (White Supremacist),Loyal White Knights,"Loyal White Knights, a Klan group, distributed anti-Semitic fliers in the Iron Stone community.",
5462,11/11/2018,Anti-Semitic Incident:Harassment;White Supremacist Propaganda,Waldorf,MD,Right Wing (White Supremacist),Loyal White Knights,"Loyal White Knights, a Klan group, distributed anti-Semitic fliers titled ""Shocking crime facts that could save your life"" and ""The cost of the Jew's open border policy.""",
5464,11/10/2018,Anti-Semitic Incident:Harassment;White Supremacist Propaganda,Glen Burnie,MD,Right Wing (White Supremacist),Loyal White Knights,"Loyal White Knights, a Klan group, distributed anti-Semitic fliers titled ""Who owns the media that molds the minds of the masses"" and ""The cost of the Jew's open border policy.""",
5471,11/7/2018,White Supremacist Propaganda,Amherst,MD,Right Wing (White Supremacist),Identity Evropa,"Identity Evropa, an alt right group, distributed fliers at the University of Massachusetts that read: ""European roots American greatness."" They also posted stickers featuring the group's logo.",
6748,11/2018,Anti-Semitic Incident:Harassment,College Park,MD,,,"Two academic offices at the University of Maryland, College Park received anti-Semitic fax messages.",
6751,11/2018,Anti-Semitic Incident:Harassment;White Supremacist Propaganda,Prince Frederick,MD,Right Wing (White Supremacist),,"Loyal White Knights, a Klan group, distributed anti-Semitic fliers that read: ""Wake up and stop letting these third world savages walk all over your people"" and ""The Blacks and Jews are the majority they will NOT stand for white equality like they have tricked us into doing for them!""",
6781,11/2018,Anti-Semitic Incident:Harassment,Baltimore,MD,,,"Man yelled ""Heil Hitler"" during a production of Fiddler on the Roof. While the man claimed he did this because he was comparing President Trump to Hitler, and not that he was approving of Hitler, it nevertheless caused a great disturbance for the Jewish community.",
6787,11/2018,Anti-Semitic Incident:Harassment,Rockville,MD,,,"Employee of a the city was verbally harassed by his coworker who said to him ""Hey you fucking Jew, why aren't you in synagogue?""",
4791,10/19/2018,White Supremacist Propaganda,Riverside,MD,Right Wing (White Supremacist),Loyal White Knights,"Loyal White Knights, a Klan group, distributed recruitment fliers.",
4795,10/18/2018,Anti-Semitic Incident:Harassment;White Supremacist Propaganda,Baltimore,MD,Right Wing (White Supremacist),Loyal White Knights,"Loyal White Knights, a Klan group, distributed recruitment fliers that read: ""Help us win back your rights that have been given to others. The Jew’s are taking over and the n*****s are right behind them.""",
4851,10/7/2018,White Supremacist Propaganda,Baltimore,MD,Right Wing (White Supremacist),Loyal White Knights,"Loyal White Knights, a Klan group, distributed flyers that were critical of immigrants and people of Mexican descent.",
6498,10/2018,Anti-Semitic Incident:Harassment,Baltimore,MD,,,The KKK distributed anti-Semitic flyers to homes in Baltimore.,
6519,10/2018,Anti-Semitic Incident:Harassment,Baltimore,MD,,,"A Jewish man received an anti-Semitic postcard in the mail promoting the Boycott, Divestment, Sanctions movement against Israel. The postcard depicted Jews controlling the United States when it comes to Israel.",
6536,10/2018,Anti-Semitic Incident:Harassment,Baltimore,MD,,,Confidential,
6558,10/2018,Anti-Semitic Incident:Harassment,College Park,MD,,,"During an off-campus party at University of Maryland, College Park, where students were drawing on one another's shirts, someone drew a swastika on people's t-shirts.",
6660,10/2018,Anti-Semitic Incident:Vandalism,College Park,MD,,,"A swastika and the numbers ""1488"" were written in a bathroom on the University of Maryland, College Park campus.",
6671,10/2018,Anti-Semitic Incident:Vandalism,Potomac,MD,,,A swastika was drawn on a classroom desk at Winston Churchill High School.,
4899,9/21/2018,White Supremacist Propaganda,Baltimore,MD,Right Wing (White Supremacist),Patriot Front,"Patriot Front, an alt right group, posted flyers and stickers that read: ""Keep America American,"" ""America revolution is tradition,"" ""Democracy the freedom to vote but not get what you vote for,"" and ""Fake news don't buy it.""",
4968,9/3/2018,White Supremacist Propaganda,White Marsh,MD,Right Wing (White Supremacist),Patriot Front,"Patriot Front, an alt right group, posted flyers and stickers that read: ""Keep America American,"" ""Welcome to occupied America,"" and ""America First.""",
6436,09/2018,Anti-Semitic Incident:Harassment,College Park,MD,,,"University of Maryland, College Park students discovered swastikas had been drawn on a dorm whiteboard.",
6437,09/2018,Anti-Semitic Incident:Harassment,College Park,MD,,,"During an interactive live-stream class presentation at University of Maryland, College Park, someone messaged in ""Jews did 911.""",
6473,09/2018,Anti-Semitic Incident:Vandalism,Olney,MD,,,"The banner outside a synagogue was vandalized with a message that read: ""Justice for Palestinian people NOW!! Israel is a fascist apartheid state! ... What will your legacy be? ... Genocide?""",
5005,8/26/2018,White Supremacist Propaganda,Baltimore,MD,Right Wing (White Supremacist),Patriot Front,"Patriot Front, an alt right group, posted flyers and stickers that read: ""America first,"" ""American revolution is tradition,"" and ""Keep America American.""",
5061,8/10/2018,Anti-Semitic Incident:Harassment;White Supremacist Propaganda,Hagerstown,MD,Right Wing (White Supremacist),Loyal White Knights,"Loyal White Knights, a Klan group, distributed a flyer titled: ""More Jewish lies from hollyweird!!!""",
5095,7/30/2018,White Supremacist Propaganda,Clear Spring,MD,Right Wing (White Supremacist),Loyal White Knights,"Loyal White Knights, a Klan group, distributed recruitment flyers.",
201,7/23/2018,White Supremacist Propaganda,Beallsville,MD,Right Wing (White Supremacist),Loyal White Knights,"Loyal White Knights, a Klan group, distributed flyers titled ""God commands racial segregation....""",
1298,7/4/2018,Anti-Semitic Incident:Harassment;White Supremacist Propaganda,Laurel,MD,Right Wing (White Supremacist),,"An unknown person distributed anti-Semitic flyers attributed to Peter J. Cojanis. The flyers say that people ""should not be associated with them [Jews] within 200 yards.""",
6217,07/2018,Anti-Semitic Incident:Harassment,Chevy Chase,MD,,,Anti-Semitic flyers from the conspiracy theorist Peter Cojanis were discovered outside homes in a residential neighborhood.,
6218,07/2018,Anti-Semitic Incident:Harassment,Maryland City,MD,,,An unknown person distributed anti-Semitic flyers attributed to Peter Cojanis. ,
2472,6/18/2018,White Supremacist Propaganda,Thurmont,MD,Right Wing (White Supremacist),Patriots of Appalachia,"Patriots of Appalachia, an alt right group, posted flyers that read: ""A brighter tomorrow starts with a stronger smarter and better you.""",
936,06/01/2018,Anti-Semitic Incident:Harassment;White Supremacist Propaganda,Frederick,MD,Right Wing (White Supremacist),Loyal White Knights,"The Loyal White Knights, a Klan group, distributed anti-Semitic flyers.",
6123,06/2018,Anti-Semitic Incident:Harassment,Silver Spring,MD,,,Confidential,
6139,06/2018,Anti-Semitic Incident:Harassment,Lutherville,MD,,,"Maryland House Delegate Shelly Hettleman was campaigning when a man stopped his car near her and shouted at her expletives and ""Heil Hitler! You don't represent us!""",
2070,05/31/2018,White Supremacist Propaganda,Rising Sun,MD,Right Wing (White Supremacist),Patriot Front,"Patriot Front, an alt right group, distributed flyers that read: ""Keep America American: : Report any and all illegal aliens...,"" ""America: Revolution is Tradition,"" and ""Democracy: The freedom to vote and not get what you voted for.""",https://www.adl.org/sites/default/files/styles/max_650x650/public/2018-07/038--Patriot-Front---Keep-America-American.jpg?itok=nU6f_HQZ
960,05/26/2018,White Supremacist Propaganda,Gaithersburg,MD,Right Wing (White Supremacist),,"An unknown person or group posted white supremacist propaganda that read: ""White Genocide is real. White people will be a minority in a country founded by our ancestors...If we don't put an end to this now and reverse our own replacement the future of our children, our brothers, our sisters, and our spouses will be widdled [sic] down to nothing.""",
210,05/22/2018,White Supremacist Propaganda,Bel Air,MD,Right Wing (White Supremacist),Patriot Front,"Patriot Front, an alt right group, distributed flyers that read: ""Democracy: The freedom to vote and not get what you voted for"" and ""Keep America American.""",https://www.adl.org/sites/default/files/styles/max_650x650/public/2018-07/038--Patriot-Front---Keep-America-American.jpg?itok=nU6f_HQZ
868,05/08/2018,White Supremacist Propaganda,Fallston,MD,Right Wing (White Supremacist),Patriot Front,"Patriot Front, an alt right group, distributed flyers that read: ""Keep America American: Report any and all illegal aliens...""",https://www.adl.org/sites/default/files/styles/max_650x650/public/2018-07/038--Patriot-Front---Keep-America-American.jpg?itok=nU6f_HQZ
6035,05/2018,Anti-Semitic Incident:Harassment,Gaithersburg,MD,,,An unknown person or group distributed anti-Semitic and white supremacist flyers to homes in a residential neighborhood.,
6061,05/2018,Anti-Semitic Incident:Vandalism,Baltimore,MD,,,"An anti-Semitic message that read: ""Dear Jews Stop pushing war with Russia!"" was written on a United States Postal Service building.",
935,04/24/2018,White Supremacist Propaganda,Frederick,MD,Right Wing (White Supremacist),Patriots of Appalachia,"Patriots of Appalachia, an alt right group, distributed flyers advertising their group that read: ""Patriots of Appalachia. Patriotic fraternity dedicated to survival, preparation, and fitness.""",
1019,04/23/2018,White Supremacist Propaganda,Hagerstown,MD,Right Wing (White Supremacist),Patriots of Appalachia,"Patriots of Appalachia, an alt right group, distributed flyers advertising their group that read: ""Patriots of Appalachia: Patriotic fraternity dedicated to survival, preparation, and fitness.""",
1787,04/19/2018,White Supremacist Propaganda,North East,MD,Right Wing (White Supremacist),Patriot Front,"Patriot Front, an alt right group, distributed flyers at Cecil College. The flyers read: ""Keep America American: Report any and all illegal aliens....""",
5850,04/2018,Anti-Semitic Incident:Harassment,College Park,MD,,,"The website of the University System of Maryland was hacked to display a call of ""#DeathToZionist.""",
5914,04/2018,Anti-Semitic Incident:Assault,Baltimore,MD,,,"Two Jewish students at Towson University were physically assaulted and verbally accosted by two people who followed them and shouted ""fucking Jews"" and other ethnic slurs.",
209,03/25/2018,White Supremacist Propaganda,Bel Air,MD,Right Wing (White Supremacist),Patriot Front,"Patriot Front, an alt right group, distributed flyers at Harford Community College. The flyers read: ""America: Revolution is Tradition,"" ""Keep America American: Report any and all illegal aliens...,"" ""Life, Liberty, and the Pursuit of Victory,"" and ""Patriots! Reclaim your Birthright.""",https://www.adl.org/sites/default/files/styles/max_650x650/public/2018-07/038--Patriot-Front---Keep-America-American.jpg?itok=nU6f_HQZ
5658,02/2018,Anti-Semitic Incident:Vandalism,Dundalk,MD,,,Swastika drawing discovered on an ATM machine.,
187,01/19/2018,White Supremacist Propaganda,Baltimore,MD,Right Wing (White Supremacist),Identity Evropa,"Identity Evropa, an alt right group, hung a banner at a park that read: ""Who's Next?""",
208,01/19/2018,White Supremacist Propaganda,Bel Air,MD,Right Wing (White Supremacist),Patriot Front,"Patriot Front, an alt right group, distributed flyers that read: ""America: Revolution Is Tradition.""",
5527,01/2018,Anti-Semitic Incident:Harassment,Marriottsville,MD,,,Ongoing anti-Semitic harassment and bullying.,
1515,12/18/2017,White Supremacist Propaganda,Maryland Line,MD,Right Wing (White Supremacist),Patriot Front,"Patriot Front, an alt right group, hung a banner in Maryland. It read: ""Send them all back. Blood and Soil.""",
3638,12/2017,Anti-Semitic Incident:Vandalism,Baltimore,MD,,,"""Dear Jews stop pushing war with Russia"" and ""Historical Revisionism - Saying what the Jews did"" written on abandoned building.",
3639,12/2017,Anti-Semitic Incident:Vandalism,Westminster,MD,,,A swastika was drawn backwards into wet cement at the base of a communications pole.,
1514,11/20/2017,White Supremacist Propaganda,Maryland Line,MD,Right Wing (White Supremacist),Patriot Front,"Patriot Front, an alt right group, posted flyers in Maryland.",
1973,11/19/2017,White Supremacist Event,Poolesville,MD,Right Wing (White Supremacist),National Policy Institute,"The National Policy Institute organized a winter conference at Rockland Farms, a winery and events venue, but were asked to leave when the owners learned who they were.",
2089,11/14/2017,White Supremacist Propaganda,Rockville,MD,Right Wing (White Supremacist),Patriot Front,"Patriot Front, an alt right group, posted flyers at Montgomery College Campus in Maryland. The flyers read: ""Not Here, Not Ever [eagle with hammer and sickle].""",https://www.adl.org/sites/default/files/styles/max_1300x1300/public/2018-07/041--Patriot-Front---not-here-not-ever.jpg?itok=rvV9xRVi
2488,11/08/2017,White Supremacist Propaganda,Towson,MD,Right Wing (White Supremacist),Patriot Front,"Patriot Front, an alt right group, posted flyers at Towson University which said ""Will your speech be hate speech?""",
3636,11/2017,Anti-Semitic Incident:Vandalism,Silver Spring,MD,,,Confidential,
3637,11/2017,Anti-Semitic Incident:Vandalism,Baltimore,MD,,,"""Dear Jews stop pushing war with Russia"" written on street sign.",
3632,10/2017,Anti-Semitic Incident:Vandalism,Baltimore,MD,,,"Swastika carved into table on campus at the University of Maryland, Baltimore County..",
3633,10/2017,Anti-Semitic Incident:Vandalism,College Park,MD,,,"Swastika carved inside a men's restroom stall in a dining hall at University of Maryland, College Park",
3634,10/2017,Anti-Semitic Incident:Vandalism,College Park,MD,,,"Swastika carved inside a men's restroom stall in a dining hall for the second time in two days at University of Maryland, College Park.",
3635,10/2017,Anti-Semitic Incident:Vandalism,Bowie,MD,,,A woman discovered a large swastika drawn on her car window.,
934,09/27/2017,White Supremacist Propaganda,Frederick,MD,Right Wing (White Supremacist),Loyal White Knights,"Loyal White Knights, a Klan group, posted an anti-Semitic flyer that also railed against feminism, television and schools.",
3629,9/5/2017,Anti-Semitic Incident:Harassment;White Supremacist Propaganda,Rockville,MD,Right Wing (White Supremacist),Patriot Front,"Patriot Front, an alt right group, distributed anti-Semitic flyers throughout neighborhoods in Rockville and Chevy Chase.",
3630,9/2017,Anti-Semitic Incident:Vandalism,College Park,MD,,,"A swastika was graffitied on a balcony railing at University of Maryland, College Park.",
3631,9/2017,Anti-Semitic Incident:Vandalism,College Park,MD,,,"A swastika was spray-painted on a trash cart near Hagerstown Hall at University of Maryland, College Park.",
3625,8/2017,Anti-Semitic Incident:Vandalism,Baltimore,MD,,,"First of four swastika Anti-Semitic Incident: Vandalism incidents on campus property at the University of Maryland, Baltimore County..",
3626,8/2017,Anti-Semitic Incident:Vandalism,Baltimore,MD,,,"Second of four swastika Anti-Semitic Incident: Vandalism incidents on campus property at the University of Maryland, Baltimore County.",
3627,8/2017,Anti-Semitic Incident:Vandalism,Baltimore,MD,,,"Third of four swastika Anti-Semitic Incident: Vandalism incidents on campus property at the University of Maryland, Baltimore County..",
3628,8/2017,Anti-Semitic Incident:Vandalism,Baltimore,MD,,,"Fourth of four acts of swastika Anti-Semitic Incident: Vandalism on campus property at the University of Maryland, Baltimore County.",
3624,7/2017,Anti-Semitic Incident:Harassment,Montgomery County,MD,,,Confidential,
3622,6/2017,Anti-Semitic Incident:Vandalism,Gaithersburg,MD,,,Confidential,
3623,6/2017,Anti-Semitic Incident:Harassment,Bel Air,MD,,,Anti-Semitic and racist flyers distributed throughout a residential neighborhood.,
3621,5/2017,Anti-Semitic Incident:Vandalism,Columbia,MD,,,Confidential,
599,04/11/2017,White Supremacist Propaganda,College Park,MD,Right Wing (White Supremacist),Identity Evropa,"Identity Evropa, an alt right group, posted flyers at the University of Maryland. The flyers read: ""Our Future Belongs to Us"" and ""Let's Become Great Again.""",
598,04/10/2017,White Supremacist Propaganda,College Park,MD,Right Wing (White Supremacist),Identity Evropa,"Identity Evropa, an alt right group, posted flyers at the University of Maryland. The flyers read: ""Our Destiny Is Ours.""",https://www.adl.org/sites/default/files/styles/max_650x650/public/2018-07/027--Identity-Evropa---stickers.jpg?itok=Ky8FTod4
3620,4/2017,Anti-Semitic Incident:Harassment,Lanham,MD,,,Confidential,
597,03/27/2017,White Supremacist Propaganda,College Park,MD,Right Wing (White Supremacist),Identity Evropa,"Identity Evropa, an alt right group, posted flyers at the University of Maryland in College Park. The flyers read: ""Our Future Belongs to Us"" and ""Protect Your Heritage.""",
1674,03/17/2017,White Supremacist Propaganda,Myersville,MD,Right Wing (White Supremacist),,An unknown individual distributed Ku Klux Klan materials in Myersville.,https://www.adl.org/sites/default/files/styles/max_325x325/public/2018-07/020--Identity-Evropa---lets-become-great-again.jpg?itok=K65FqKoT
596,03/13/2017,White Supremacist Propaganda,College Park,MD,Right Wing (White Supremacist),Vanguard America,"American Vanguard, a neo-Nazi group that has since rebranded as Vanguard America, posted flyers at the University of Maryland at College Park. The flyers read: ""It is your civic duty to report any and all illegal aliens. They are criminals. America is a white nation. Carry the torch of your people.""",
3614,3/2017,Anti-Semitic Incident:Harassment,Ashton,MD,,,Middle school students made Nazi references and drew swastikas.,
3615,3/2017,Anti-Semitic Incident:Harassment,Potomac,MD,,,Confidential,
3616,3/2017,Anti-Semitic Incident:Harassment,Rockville,MD,,,Bomb Threat - JCC of Greater Washington,
3617,3/2017,Anti-Semitic Incident:Harassment,Potomac,MD,,,Confidential,
3618,3/2017,Anti-Semitic Incident:Harassment,Baltimore,MD,,,Bomb Threat - JCC of Greater Baltimore,
3619,3/2017,Anti-Semitic Incident:Vandalism,Baltimore,MD,,,Confidential,
3610,2/2017,Anti-Semitic Incident:Harassment,Rockville,MD,,,Confidential,
3611,2/2017,Anti-Semitic Incident:Harassment,Rockville,MD,,,Bomb Threat - Charles E. Smith Jewish Day School,
3612,2/2017,Anti-Semitic Incident:Harassment,Annapolis,MD,,,Bomb Threat - Aleph-Bet Jewish Day School,
3613,2/2017,Anti-Semitic Incident:Harassment,Owings Mills,MD,,,Bomb Threat - Rosenbloom Owings Mills JCC,
2695,01/16/2017,White Supremacist Propaganda,Woodbine,MD,Right Wing (White Supremacist),East Coast Knights,"East Coast Knights, a Klan group, posted flyers in Woodbine that included anti-Martin Luther King, Jr., imagery.",
3605,1/2017,Anti-Semitic Incident:Vandalism,Rockville,MD,,,"Perpetrator egged a Jewish family's car and left an anti-Jewish note, which included drawings of a yellow star of david and the word ""Jude.""",
3606,1/2017,Anti-Semitic Incident:Harassment,Rockville,MD,,,Bomb Threat - JCC of Greater Washington,
3607,1/2017,Anti-Semitic Incident:Harassment,Baltimore,MD,,,Bomb Threat - JCC of Greater Baltimore,
3608,1/2017,Anti-Semitic Incident:Vandalism,Baltimore,MD,,,"Anti-Semitic and racist drawings and flyers discovered in the engineering building at the University of Maryland, Baltimore County.engineering building.",
3609,1/2017,Anti-Semitic Incident:Vandalism,Kensington,MD,,,Swastika graffiti in multiple places at high school.,
959,12/2016,Anti-Semitic Incident:Harassment,Gaithersburg,MD,,,Anti-Semitic hate mail received.,
1132,10/2016,Terrorist Plot/Attack,Hyattsville,MD,Islamist,,Nelash Mohamed Das plotted to kill a Prince George-based military member with a firearm. He expressed interest in multiple killings targeting U.S. military personnel.,
1121,09/2016,Anti-Semitic Incident:Harassment,Forest Hill,MD,,,"Flyers advertising yard sale said ""No Jews"" and ""Jews Not Welcome.""",
1134,09/2016,Anti-Semitic Incident:Vandalism,New Carrollton,MD,,,Magnets and message promoting knowledge about Judaism were removed from a vehicle and left on the ground.,
8155,8/4/2016,Extremist Murder,Jessup,MD,Right Wing (White Supremacist),Maryland Aryan Brotherhood,Four members of the Maryland Aryan Brotherhood allegedly stabbed to death a member of a rival gang at Jessup Correctional Institution.,
2038,8/1/2016,Extremist/Police Shootout,Randallstown,MD,Right Wing (Anti-Government),,"Police shot and killed anti-government extremist Korryn Gaines during a standoff-turned-shootout at her home, as they tried to serve arrest warrants on her and another occupant of the home.The officers were attempting to serve warrants on Gaines for failing to appear in court for a number of charges connected to a traffic stop.",